{
  "alumnos": [
    {
      "id": 1,
      "nombre": "Prince",
      "Apellido": "cobrizo",
      "rut": "20.000.333-k",
      "email": "pri.cobrizo@gmail.com",
      "password": "123456PC"
    },
    {
      "id": 2,
      "nombre": "Ana",
      "Apellido": "Soto",
      "rut": "20.055.333-1",
      "email": "ana.soto@gmail.com",
      "password": "123456AS"
    },
    {
      "id": 3,
      "nombre": "Yin",
      "Apellido": "Woon",
      "rut": "19.022.344-0",
      "email": "yin.wono@gmail.com",
      "password": "123456YW"
    },
    {
      "id": "b2f7",
      "nombre": "ana",
      "apellido": "soto",
      "rut": "12.123.456-5",
      "email": "ana.soto@gmail.com",
      "password": "1234AS"
    }
  ],
  "usuarios": []
}