{
  "alumnos": [
    {
      "id": "3",
      "nombre": "Yin",
      "apellido": "Woon",
      "rut": "19.022.344-0",
      "email": "yin.wono@gmail.com",
      "password": "123456YW"
    },
    {
      "id": "b2f7",
      "nombre": "ana",
      "apellido": "soto",
      "rut": "12.123.456-5",
      "email": "ana.soto@gmail.com",
      "password": "1234AS"
    },
    {
      "id": "31c8",
      "nombre": "itho",
      "apellido": "ayashi",
      "rut": "15.444.789-4",
      "email": "it.ayashi@gmail.com",
      "password": "123456"
    },
    {
      "id": "69f7",
      "nombre": "",
      "apellido": "",
      "rut": "",
      "email": "",
      "password": ""
    }
  ],
  "usuarios": [
    {
      "id": "1",
      "username": "usuario1",
      "password": "maipu1234",
      "email": "usuario1@duoc.cl",
      "isactive": "true"
    },
    {
      "id": "2",
      "username": "usuario2",
      "password": "maipu1234",
      "email": "usuario2@duoc.cl",
      "isactive": "true"
    }
  ]
}