{
  "asignatura": [
    {
      "id": "1",
      "nombre": "Arquitectura de Sofware",
      "profesor": "Cristian Lazcano",
      "horario": "Lunes 8:01 - 10:00"
    },
    {
      "id": "2",
      "nombre": "Estadistica Descriptiva",
      "profesor": "Carla Manziya",
      "horario": "Martes 10:01 - 12:00"
    },
    {
      "id": "3",
      "nombre": "Etica Profecional",
      "profesor": "Divia Alarcon",
      "horario": "Martes 12:01 - 14:00"
    },
    {
      "id": "4",
      "nombre": "Programacion de Aplicaciones Moviles",
      "profesor": "Viviana Poblete",
      "horario": "Lunes 12:01 - 15:00"
    },
    {
      "id": "8a1a",
      "nombre": "",
      "profesor": "",
      "horario": ""
    }
  ],
  "usuarios": [
    {
      "id": "1",
      "username": "usuario1",
      "rut": "22.222.333-8",
      "nombre": "jose",
      "apellido": "lopez",
      "password": "maipu1234",
      "email": "usuario1@duoc.cl",
      "isactive": "true"
    },
    {
      "id": "2",
      "username": "usuario2",
      "rut": "22.222.333-8",
      "nombre": "ana",
      "apellido": "lopez",
      "password": "maipu1234",
      "email": "usuario2@duoc.cl",
      "isactive": "true"
    },
    {
      "id": "9479",
      "username": "itho1404",
      "rut": "20059232-8",
      "nombre": "itho",
      "apellido": "ayashi",
      "email": "itho@gmail.com",
      "password": "Itho1404",
      "isactive": true
    }
  ]
}