{
    "Sección007":[
        {
            "id": "45678",
            "nombre": "Jairo Echavarria",
            "asistencia": "85%",
            "inasistencia": "..."
        },
        {
            "id": "45678",
            "nombre": "Pablo Avendaño",
            "asistencia": "68%",
            "inasistencia": "..."
        },
        {
            "id": "45678",
            "nombre": "Isaac Paz",
            "asistencia": "99%",
            "inasistencia": "..."
        }
    ],
    "Sección009":[
        {
            "id": "45678",
            "nombre": "Itho Satochi",
            "asistencia": "80%",
            "inasistencia": "..."
        },
        {
            "id": "45678",
            "nombre": "Benjamin Romero",
            "asistencia": "75%",
            "inasistencia": "..."
        },
        {
            "id": "45678",
            "nombre": "Benjamin Ignacio",
            "asistencia": "53%",
            "inasistencia": "..."
        }
    ]
}